--
-- PostgreSQL database dump
--

\restrict G2ZddXq7Qi2n1eq2SZMwixRee1fZhD4hvK3QITxZ6boxVep6vW2VuAgMroGGLb9

-- Dumped from database version 15.14 (Debian 15.14-1.pgdg13+1)
-- Dumped by pg_dump version 15.14 (Debian 15.14-1.pgdg13+1)

SET statement_timeout = 0;
SET lock_timeout = 0;
SET idle_in_transaction_session_timeout = 0;
SET client_encoding = 'UTF8';
SET standard_conforming_strings = on;
SELECT pg_catalog.set_config('search_path', '', false);
SET check_function_bodies = false;
SET xmloption = content;
SET client_min_messages = warning;
SET row_security = off;

SET default_tablespace = '';

SET default_table_access_method = heap;

--
-- Name: bookmarks; Type: TABLE; Schema: public; Owner: -
--

CREATE TABLE public.bookmarks (
    id integer NOT NULL,
    event_id integer,
    user_id integer
);


--
-- Name: bookmarks_id_seq; Type: SEQUENCE; Schema: public; Owner: -
--

ALTER TABLE public.bookmarks ALTER COLUMN id ADD GENERATED BY DEFAULT AS IDENTITY (
    SEQUENCE NAME public.bookmarks_id_seq
    START WITH 1
    INCREMENT BY 1
    NO MINVALUE
    NO MAXVALUE
    CACHE 1
);


--
-- Name: categories; Type: TABLE; Schema: public; Owner: -
--

CREATE TABLE public.categories (
    id integer NOT NULL,
    name character varying(255) NOT NULL,
    ar_name character varying(255),
    photo character varying(255),
    description text,
    ar_description text
);


--
-- Name: categories_id_seq; Type: SEQUENCE; Schema: public; Owner: -
--

CREATE SEQUENCE public.categories_id_seq
    AS integer
    START WITH 1
    INCREMENT BY 1
    NO MINVALUE
    NO MAXVALUE
    CACHE 1;


--
-- Name: categories_id_seq; Type: SEQUENCE OWNED BY; Schema: public; Owner: -
--

ALTER SEQUENCE public.categories_id_seq OWNED BY public.categories.id;


--
-- Name: events; Type: TABLE; Schema: public; Owner: -
--

CREATE TABLE public.events (
    id integer NOT NULL,
    name character varying(255) NOT NULL,
    ar_name character varying(255),
    description text,
    ar_description text,
    photo_url character varying(255),
    has_assigned_seating boolean DEFAULT false,
    location_id integer,
    category_id integer,
    long_description text
);


--
-- Name: events_id_seq; Type: SEQUENCE; Schema: public; Owner: -
--

CREATE SEQUENCE public.events_id_seq
    AS integer
    START WITH 1
    INCREMENT BY 1
    NO MINVALUE
    NO MAXVALUE
    CACHE 1;


--
-- Name: events_id_seq; Type: SEQUENCE OWNED BY; Schema: public; Owner: -
--

ALTER SEQUENCE public.events_id_seq OWNED BY public.events.id;


--
-- Name: location_seat_templates; Type: TABLE; Schema: public; Owner: -
--

CREATE TABLE public.location_seat_templates (
    id integer NOT NULL,
    location_id integer,
    section character varying(255),
    "row" character varying(255),
    seat_number character varying(255)
);


--
-- Name: location_seat_templates_id_seq; Type: SEQUENCE; Schema: public; Owner: -
--

CREATE SEQUENCE public.location_seat_templates_id_seq
    AS integer
    START WITH 1
    INCREMENT BY 1
    NO MINVALUE
    NO MAXVALUE
    CACHE 1;


--
-- Name: location_seat_templates_id_seq; Type: SEQUENCE OWNED BY; Schema: public; Owner: -
--

ALTER SEQUENCE public.location_seat_templates_id_seq OWNED BY public.location_seat_templates.id;


--
-- Name: locations; Type: TABLE; Schema: public; Owner: -
--

CREATE TABLE public.locations (
    id integer NOT NULL,
    name character varying(255) NOT NULL,
    address character varying(255),
    latitude double precision,
    longitude double precision,
    additional_info text
);


--
-- Name: locations_id_seq; Type: SEQUENCE; Schema: public; Owner: -
--

CREATE SEQUENCE public.locations_id_seq
    AS integer
    START WITH 1
    INCREMENT BY 1
    NO MINVALUE
    NO MAXVALUE
    CACHE 1;


--
-- Name: locations_id_seq; Type: SEQUENCE OWNED BY; Schema: public; Owner: -
--

ALTER SEQUENCE public.locations_id_seq OWNED BY public.locations.id;


--
-- Name: seats; Type: TABLE; Schema: public; Owner: -
--

CREATE TABLE public.seats (
    id integer NOT NULL,
    slot_id integer,
    section character varying(255),
    "row" character varying(255),
    seat_number character varying(255),
    is_reserved boolean DEFAULT false
);


--
-- Name: seats_id_seq; Type: SEQUENCE; Schema: public; Owner: -
--

CREATE SEQUENCE public.seats_id_seq
    AS integer
    START WITH 1
    INCREMENT BY 1
    NO MINVALUE
    NO MAXVALUE
    CACHE 1;


--
-- Name: seats_id_seq; Type: SEQUENCE OWNED BY; Schema: public; Owner: -
--

ALTER SEQUENCE public.seats_id_seq OWNED BY public.seats.id;


--
-- Name: slot_ticket_type_capacities; Type: TABLE; Schema: public; Owner: -
--

CREATE TABLE public.slot_ticket_type_capacities (
    id integer NOT NULL,
    slot_id integer,
    ticket_type_id integer,
    capacity integer NOT NULL,
    CONSTRAINT slot_ticket_type_capacities_capacity_check CHECK ((capacity >= 0))
);


--
-- Name: slot_ticket_type_capacities_id_seq; Type: SEQUENCE; Schema: public; Owner: -
--

CREATE SEQUENCE public.slot_ticket_type_capacities_id_seq
    AS integer
    START WITH 1
    INCREMENT BY 1
    NO MINVALUE
    NO MAXVALUE
    CACHE 1;


--
-- Name: slot_ticket_type_capacities_id_seq; Type: SEQUENCE OWNED BY; Schema: public; Owner: -
--

ALTER SEQUENCE public.slot_ticket_type_capacities_id_seq OWNED BY public.slot_ticket_type_capacities.id;


--
-- Name: slots; Type: TABLE; Schema: public; Owner: -
--

CREATE TABLE public.slots (
    id integer NOT NULL,
    event_id integer,
    date date NOT NULL,
    start_time time without time zone NOT NULL,
    end_time time without time zone
);


--
-- Name: slots_id_seq; Type: SEQUENCE; Schema: public; Owner: -
--

CREATE SEQUENCE public.slots_id_seq
    AS integer
    START WITH 1
    INCREMENT BY 1
    NO MINVALUE
    NO MAXVALUE
    CACHE 1;


--
-- Name: slots_id_seq; Type: SEQUENCE OWNED BY; Schema: public; Owner: -
--

ALTER SEQUENCE public.slots_id_seq OWNED BY public.slots.id;


--
-- Name: ticket_types; Type: TABLE; Schema: public; Owner: -
--

CREATE TABLE public.ticket_types (
    id integer NOT NULL,
    name character varying(255) NOT NULL,
    price numeric(10,2) NOT NULL,
    has_assigned_seating boolean DEFAULT false,
    CONSTRAINT ticket_types_price_check CHECK ((price >= (0)::numeric))
);


--
-- Name: ticket_types_id_seq; Type: SEQUENCE; Schema: public; Owner: -
--

CREATE SEQUENCE public.ticket_types_id_seq
    AS integer
    START WITH 1
    INCREMENT BY 1
    NO MINVALUE
    NO MAXVALUE
    CACHE 1;


--
-- Name: ticket_types_id_seq; Type: SEQUENCE OWNED BY; Schema: public; Owner: -
--

ALTER SEQUENCE public.ticket_types_id_seq OWNED BY public.ticket_types.id;


--
-- Name: tickets; Type: TABLE; Schema: public; Owner: -
--

CREATE TABLE public.tickets (
    id integer NOT NULL,
    user_id integer,
    seat_id integer,
    ticket_code text NOT NULL,
    checked_in boolean DEFAULT false,
    slot_ticket_type_id integer
);


--
-- Name: tickets_id_seq; Type: SEQUENCE; Schema: public; Owner: -
--

CREATE SEQUENCE public.tickets_id_seq
    AS integer
    START WITH 1
    INCREMENT BY 1
    NO MINVALUE
    NO MAXVALUE
    CACHE 1;


--
-- Name: tickets_id_seq; Type: SEQUENCE OWNED BY; Schema: public; Owner: -
--

ALTER SEQUENCE public.tickets_id_seq OWNED BY public.tickets.id;


--
-- Name: users; Type: TABLE; Schema: public; Owner: -
--

CREATE TABLE public.users (
    id integer NOT NULL,
    name character varying(255) NOT NULL,
    email character varying(255) NOT NULL,
    password character varying(255) NOT NULL,
    phone_number character varying(255),
    role character varying(255) DEFAULT 'USER'::character varying
);


--
-- Name: users_id_seq; Type: SEQUENCE; Schema: public; Owner: -
--

CREATE SEQUENCE public.users_id_seq
    AS integer
    START WITH 1
    INCREMENT BY 1
    NO MINVALUE
    NO MAXVALUE
    CACHE 1;


--
-- Name: users_id_seq; Type: SEQUENCE OWNED BY; Schema: public; Owner: -
--

ALTER SEQUENCE public.users_id_seq OWNED BY public.users.id;


--
-- Name: categories id; Type: DEFAULT; Schema: public; Owner: -
--

ALTER TABLE ONLY public.categories ALTER COLUMN id SET DEFAULT nextval('public.categories_id_seq'::regclass);


--
-- Name: events id; Type: DEFAULT; Schema: public; Owner: -
--

ALTER TABLE ONLY public.events ALTER COLUMN id SET DEFAULT nextval('public.events_id_seq'::regclass);


--
-- Name: location_seat_templates id; Type: DEFAULT; Schema: public; Owner: -
--

ALTER TABLE ONLY public.location_seat_templates ALTER COLUMN id SET DEFAULT nextval('public.location_seat_templates_id_seq'::regclass);


--
-- Name: locations id; Type: DEFAULT; Schema: public; Owner: -
--

ALTER TABLE ONLY public.locations ALTER COLUMN id SET DEFAULT nextval('public.locations_id_seq'::regclass);


--
-- Name: seats id; Type: DEFAULT; Schema: public; Owner: -
--

ALTER TABLE ONLY public.seats ALTER COLUMN id SET DEFAULT nextval('public.seats_id_seq'::regclass);


--
-- Name: slot_ticket_type_capacities id; Type: DEFAULT; Schema: public; Owner: -
--

ALTER TABLE ONLY public.slot_ticket_type_capacities ALTER COLUMN id SET DEFAULT nextval('public.slot_ticket_type_capacities_id_seq'::regclass);


--
-- Name: slots id; Type: DEFAULT; Schema: public; Owner: -
--

ALTER TABLE ONLY public.slots ALTER COLUMN id SET DEFAULT nextval('public.slots_id_seq'::regclass);


--
-- Name: ticket_types id; Type: DEFAULT; Schema: public; Owner: -
--

ALTER TABLE ONLY public.ticket_types ALTER COLUMN id SET DEFAULT nextval('public.ticket_types_id_seq'::regclass);


--
-- Name: tickets id; Type: DEFAULT; Schema: public; Owner: -
--

ALTER TABLE ONLY public.tickets ALTER COLUMN id SET DEFAULT nextval('public.tickets_id_seq'::regclass);


--
-- Name: users id; Type: DEFAULT; Schema: public; Owner: -
--

ALTER TABLE ONLY public.users ALTER COLUMN id SET DEFAULT nextval('public.users_id_seq'::regclass);


--
-- Data for Name: bookmarks; Type: TABLE DATA; Schema: public; Owner: -
--

COPY public.bookmarks (id, event_id, user_id) FROM stdin;
1	12	6
2	1	6
3	14	6
\.


--
-- Data for Name: categories; Type: TABLE DATA; Schema: public; Owner: -
--

COPY public.categories (id, name, ar_name, photo, description, ar_description) FROM stdin;
14	Sports	رياضة	sports.jpg	Live sports events and matches	فعاليات رياضية حية
15	Theatre	مسرح	theatre.jpg	Dramatic performances and plays	عروض مسرحية ودرامية
16	Workshops	ورش العمل	workshops.jpg	Educational and skill development sessions	جلسات تعليمية وتطوير المهارات
17	Music	موسيقى	https://example.com/photo.jpg	Music events	فعاليات موسيقية
\.


--
-- Data for Name: events; Type: TABLE DATA; Schema: public; Owner: -
--

COPY public.events (id, name, ar_name, description, ar_description, photo_url, has_assigned_seating, location_id, category_id, long_description) FROM stdin;
1	Riyadh Music Night	ليلة الموسيقى بالرياض	A vibrant evening featuring top local and international musicians.	أمسية مليئة بالموسيقى يقدمها أشهر الفنانين المحليين والعالميين.	https://qyfnstcqropueurlgjuh.supabase.co/storage/v1/object/public/class-images/events/1759044499728_4.jpg	\N	1	17	\N
12	Riyadh Music Night	ليلة الموسيقى بالرياض	A vibrant evening featuring top local and international musicians.	أمسية موسيقية يقدمها أشهر الفنانين المحليين والعالميين.	https://picsum.photos/seed/riyadh-music-night/1200/800	t	1	17	Enjoy an unforgettable night of live performances, light shows, and cultural fusion in the heart of Riyadh.
14	Riyadh International Sports Festival	مهرجان الرياض الدولي للرياضة	A global sports celebration with tournaments and family activities.	مهرجان رياضي عالمي يضم بطولات وأنشطة عائلية.	https://picsum.photos/seed/sports-festival/1200/800	f	2	14	Experience thrilling matches, community games, and sessions with athletes from around the world.
17	Desert Electronic Music Fest	مهرجان الموسيقى الإلكترونية بالصحراء	An outdoor electronic music festival under the stars.	مهرجان موسيقى إلكترونية في الهواء الطلق تحت النجوم.	https://picsum.photos/seed/electro-desert/1200/800	t	4	17	Top DJs and immersive visuals create an unforgettable desert experience.
19	Marathon Riyadh 2025	ماراثون الرياض 2025	Annual city marathon with international runners.	ماراثون سنوي في الرياض بمشاركة عدائين عالميين.	https://picsum.photos/seed/marathon/1200/800	f	7	14	Test your endurance or cheer runners along the city streets.
13	Tech Innovators Summit 2025	قمة المبتكرين التقنيين 2025	A technology summit for startups, investors, and innovators.	قمة تقنية تجمع الشركات الناشئة والمستثمرين والمبتكرين.	https://picsum.photos/seed/tech-summit/1200/800	f	9	17	Covering AI, cybersecurity, cloud solutions, and startup showcases with the brightest minds in tech.
15	Family Fun Carnival	كرنفال العائلة الترفيهي	A fun-filled day with games, rides, and food stalls for all ages.	يوم مليء بالمرح يتضمن ألعاب وملاهي وأكشاك طعام لجميع الأعمار.	https://picsum.photos/seed/family-carnival/1200/800	f	10	14	From kids rides to live shows and delicious food, the carnival guarantees family entertainment.
16	Cultural Nights at Theatre Square	ليالي الثقافة في ساحة المسرح	Evenings with plays, poetry, and folk dances.	أمسيات ثقافية تتضمن مسرحيات وشعر ورقصات شعبية.	https://picsum.photos/seed/cultural-nights/1200/800	t	3	14	Celebrate heritage and art with captivating performances and cultural showcases.
18	AI & Robotics Expo	معرض الذكاء الاصطناعي والروبوتات	A showcase of cutting-edge AI and robotics solutions.	عرض لأحدث حلول الذكاء الاصطناعي والروبوتات.	https://picsum.photos/seed/ai-robotics/1200/800	f	9	17	Explore robotics demos, AI talks, and future technology trends.
20	Kids Science Fair	معرض العلوم للأطفال	A family event with interactive experiments and workshops.	فعالية عائلية تتضمن تجارب علمية تفاعلية وورش عمل.	https://picsum.photos/seed/kids-science/1200/800	f	5	14	Hands-on science fun designed to inspire young minds.
21	Arab Heritage Week	أسبوع التراث العربي	A week-long celebration of Arab traditions and arts.	احتفال يستمر أسبوعاً بالتراث والفنون العربية.	https://picsum.photos/seed/heritage-week/1200/800	t	8	17	Exhibitions, folk dances, calligraphy, and culinary delights showcasing Arab heritage.
\.


--
-- Data for Name: location_seat_templates; Type: TABLE DATA; Schema: public; Owner: -
--

COPY public.location_seat_templates (id, location_id, section, "row", seat_number) FROM stdin;
\.


--
-- Data for Name: locations; Type: TABLE DATA; Schema: public; Owner: -
--

COPY public.locations (id, name, address, latitude, longitude, additional_info) FROM stdin;
1	Rock Music Fest Venue	King Fahd Cultural Center, Riyadh	24.7136	46.6753	Main entrance near the fountain
2	Championship Final Stadium	King Fahd International Stadium, Riyadh	24.7967	46.8411	Parking available nearby
3	Shakespeare Park Theatre	Riyadh Theatre District, Riyadh	24.7117	46.6742	Box office opens at 6 PM
4	Electronic Beats Arena	Music Arena, Riyadh	24.72	46.68	Doors open at 7 PM
5	Jazz Vibes Hall	Riyadh Concert Hall, Riyadh	24.715	46.69	Seating is limited
6	Basketball Finals Court	Indoor Sports Complex, Riyadh	24.725	46.71	North Gate access
7	Marathon 10K Start Line	Olaya Street, Riyadh	24.7	46.72	Gathering point near city center
8	Modern Drama Theatre	King Abdulaziz Theatre, Riyadh	24.73	46.705	Drama hall entry
9	Coding Bootcamp Hub	Tech Park, Riyadh	24.74	46.715	Lab access on 2nd floor
10	Photography Workshop Studio	Art District Studio, Riyadh	24.75	46.725	Bring your own DSLR
11	locations1	\N	24.724847865819573	46.68262187691876	
\.


--
-- Data for Name: seats; Type: TABLE DATA; Schema: public; Owner: -
--

COPY public.seats (id, slot_id, section, "row", seat_number, is_reserved) FROM stdin;
\.


--
-- Data for Name: slot_ticket_type_capacities; Type: TABLE DATA; Schema: public; Owner: -
--

COPY public.slot_ticket_type_capacities (id, slot_id, ticket_type_id, capacity) FROM stdin;
1	1	3	800
2	1	5	800
3	1	6	800
7	1	1	1200
8	1	2	320
9	23	1	1600
10	23	2	400
11	23	6	80
12	24	1	1400
13	24	2	360
14	25	3	1000
15	25	2	240
16	25	5	480
17	26	3	1000
18	26	2	240
19	26	5	480
20	27	1	3200
21	27	2	280
22	28	1	3600
23	28	2	320
24	29	5	1200
25	29	1	800
26	30	5	1200
27	30	1	800
28	31	5	1200
29	31	1	800
30	32	3	720
31	32	4	400
32	32	2	200
33	33	3	720
34	33	4	400
35	33	2	200
36	34	1	2000
37	34	2	480
38	34	6	100
39	35	3	880
40	35	2	240
41	35	5	600
42	36	3	880
43	36	2	240
44	36	5	600
45	37	1	8000
46	37	2	200
47	38	5	1000
48	38	1	600
49	39	5	1000
50	39	1	600
51	40	3	800
52	40	4	480
53	40	2	240
54	41	3	800
55	41	4	480
56	41	2	240
57	42	3	800
58	42	4	480
59	42	2	240
60	43	3	800
61	43	4	480
62	43	2	240
63	44	3	800
64	44	4	480
65	44	2	240
68	23	5	800
\.


--
-- Data for Name: slots; Type: TABLE DATA; Schema: public; Owner: -
--

COPY public.slots (id, event_id, date, start_time, end_time) FROM stdin;
1	1	2025-09-29	13:28:00	15:33:00
23	1	2025-09-29	19:00:00	22:00:00
24	12	2025-09-30	20:00:00	23:00:00
25	13	2025-10-01	09:00:00	17:00:00
26	13	2025-10-02	09:00:00	17:00:00
27	14	2025-10-03	15:00:00	20:00:00
28	14	2025-10-04	14:00:00	19:00:00
29	15	2025-10-05	10:00:00	18:00:00
30	15	2025-10-06	10:00:00	18:00:00
31	15	2025-10-07	10:00:00	18:00:00
32	16	2025-10-07	20:00:00	23:00:00
33	16	2025-10-08	20:00:00	23:00:00
34	17	2025-10-10	21:00:00	02:00:00
35	18	2025-10-12	09:30:00	16:30:00
36	18	2025-10-13	09:30:00	16:30:00
37	19	2025-10-15	06:00:00	12:00:00
38	20	2025-10-18	11:00:00	17:00:00
39	20	2025-10-19	11:00:00	17:00:00
40	21	2025-10-20	17:00:00	22:00:00
41	21	2025-10-21	17:00:00	22:00:00
42	21	2025-10-22	17:00:00	22:00:00
43	21	2025-10-23	17:00:00	22:00:00
44	21	2025-10-24	17:00:00	22:00:00
\.


--
-- Data for Name: ticket_types; Type: TABLE DATA; Schema: public; Owner: -
--

COPY public.ticket_types (id, name, price, has_assigned_seating) FROM stdin;
1	General Admission	50.00	f
3	Standard	75.00	t
4	Premium	150.00	t
5	Regular	30.00	f
6	VVIP	200.00	f
2	VIP	100.00	f
7	WAKEBVIP	999.00	f
\.


--
-- Data for Name: tickets; Type: TABLE DATA; Schema: public; Owner: -
--

COPY public.tickets (id, user_id, seat_id, ticket_code, checked_in, slot_ticket_type_id) FROM stdin;
1	6	\N	TKT-9FEA63DE	f	7
2	6	\N	TKT-47D343CE	f	7
3	6	\N	TKT-5DD26C6D	f	7
4	6	\N	TKT-3BF0AACA	f	7
5	6	\N	TKT-77EB39EA	f	7
6	6	\N	TKT-A088CC2F	f	15
7	6	\N	TKT-4C7AF2BA	f	15
8	6	\N	TKT-A4489FCF	f	15
9	6	\N	TKT-6C3AF168	f	38
10	6	\N	TKT-D15F4A4E	f	38
11	6	\N	TKT-54F4A8A6	f	38
12	6	\N	TKT-F5622619	f	38
13	6	\N	TKT-C6A9AF62	f	1
14	6	\N	TKT-DEBA4A52	f	1
15	6	\N	TKT-897EBCAF	f	1
16	6	\N	TKT-07FA8B4B	f	1
17	6	\N	TKT-A39E720E	f	2
18	6	\N	TKT-11305746	f	2
19	6	\N	TKT-A028C55B	f	2
20	6	\N	TKT-384CA042	f	3
21	6	\N	TKT-AD6A72B0	f	7
22	6	\N	TKT-DC54FB79	f	1
23	6	\N	TKT-9DF1A20D	f	1
24	6	\N	TKT-BCEDAE52	f	1
25	6	\N	TKT-D49A2641	f	1
26	6	\N	TKT-07AD7D95	f	2
27	6	\N	TKT-AA6CE3BB	f	2
28	6	\N	TKT-BDA00427	f	2
29	6	\N	TKT-65208550	f	3
30	6	\N	TKT-CFE83CB2	f	7
31	6	\N	TKT-AB0D7701	f	13
32	6	\N	TKT-AD3991AD	f	13
33	6	\N	TKT-2C10BE51	f	13
34	6	\N	TKT-0BD7F6F8	f	13
35	6	\N	TKT-C8E21639	f	13
36	6	\N	TKT-37527FEA	f	13
37	6	\N	TKT-1A398EDB	f	9
38	6	\N	TKT-1FB8087F	f	9
39	6	\N	TKT-B1C67C74	f	9
40	6	\N	TKT-AD9BCAE3	f	10
41	6	\N	TKT-2C63EC03	f	10
42	6	\N	TKT-18D3EF14	f	10
43	6	\N	TKT-67F3D201	f	9
44	6	\N	TKT-90D2B9DF	f	9
45	6	\N	TKT-C49F7DF1	f	9
46	6	\N	TKT-C024E641	f	10
47	6	\N	TKT-9CDBD18A	f	10
48	6	\N	TKT-7B204EA2	f	10
49	6	\N	TKT-F13FDC40	f	9
50	6	\N	TKT-5B49B255	f	9
51	6	\N	TKT-32951B92	f	9
52	6	\N	TKT-EEA13964	f	10
53	6	\N	TKT-39644A81	f	10
54	6	\N	TKT-B6BA85C6	f	10
55	6	\N	TKT-38284874	f	9
56	6	\N	TKT-108317C5	f	9
57	6	\N	TKT-B93ACA79	f	9
58	6	\N	TKT-B8DF2C63	f	10
59	6	\N	TKT-49050A4A	f	10
60	6	\N	TKT-5D3BFB49	f	10
61	6	\N	TKT-44B73486	f	9
62	6	\N	TKT-A3B09A3F	f	9
63	6	\N	TKT-E7DD628D	f	9
64	6	\N	TKT-0B8F618F	f	10
65	6	\N	TKT-1EF904E7	f	10
66	6	\N	TKT-7FB14B32	f	10
67	6	\N	TKT-F7570C1E	f	9
68	6	\N	TKT-32E9A545	f	9
69	6	\N	TKT-D0D9D584	f	9
70	6	\N	TKT-121B2E58	f	10
71	6	\N	TKT-E472EC15	f	10
72	6	\N	TKT-35A9F968	f	10
73	6	\N	TKT-5756424E	f	9
74	6	\N	TKT-EA868D76	f	9
75	6	\N	TKT-0D882A71	f	9
76	6	\N	TKT-24032261	f	10
77	6	\N	TKT-8FABA3D8	f	10
78	6	\N	TKT-A6354965	f	10
79	6	\N	TKT-3D357273	f	9
80	6	\N	TKT-4E7C9A8A	f	9
81	6	\N	TKT-5875BB4D	f	9
82	6	\N	TKT-ECFE906A	f	10
83	6	\N	TKT-3FC62E3B	f	10
84	6	\N	TKT-77F710DB	f	10
85	6	\N	TKT-039561CD	f	9
86	6	\N	TKT-CB8AE9E9	f	9
87	6	\N	TKT-EF672BFB	f	9
88	6	\N	TKT-058C7DC1	f	10
89	6	\N	TKT-A71EA623	f	10
90	6	\N	TKT-FEB99E39	f	10
91	6	\N	TKT-26A59495	f	9
92	6	\N	TKT-A34A2999	f	9
93	6	\N	TKT-86B0ED09	f	9
94	6	\N	TKT-8153B50B	f	10
95	6	\N	TKT-D149F3B0	f	10
96	6	\N	TKT-A3269B64	f	10
97	6	\N	TKT-36179D67	f	68
98	6	\N	TKT-B2B0CBC3	f	68
99	6	\N	TKT-2B1B7479	f	68
100	6	\N	TKT-D3A291AE	f	11
101	6	\N	TKT-6895A059	f	11
102	6	\N	TKT-5A244288	f	11
103	6	\N	TKT-A6735782	f	11
104	6	\N	TKT-8B5A7293	f	9
105	6	\N	TKT-F73C05EF	f	9
106	6	\N	TKT-CEC53648	f	9
107	6	\N	TKT-8EE0A51F	f	68
108	6	\N	TKT-D5B77476	f	68
109	6	\N	TKT-9C833B8A	f	68
110	6	\N	TKT-E5AA9AE4	f	11
111	6	\N	TKT-DAF9EB23	f	11
112	6	\N	TKT-703A54E8	f	11
113	6	\N	TKT-E690C658	f	11
114	6	\N	TKT-BFFFA302	f	9
115	6	\N	TKT-85354BEA	f	9
116	6	\N	TKT-716DF838	f	9
117	6	\N	TKT-08A97A1A	f	12
118	6	\N	TKT-02F02006	f	12
119	6	\N	TKT-8D5D8784	f	12
120	6	\N	TKT-9CD7D77D	f	12
121	6	\N	TKT-1F4FE4DE	f	12
122	6	\N	TKT-9A500B18	f	12
123	6	\N	TKT-B7B16B0D	f	12
124	6	\N	TKT-427D5792	f	12
125	6	\N	TKT-27B98702	f	12
126	6	\N	TKT-B3AB64A1	f	12
127	6	\N	TKT-0EA6A75B	f	12
128	6	\N	TKT-8BF2E96A	f	12
129	6	\N	TKT-940CE56D	f	12
130	6	\N	TKT-B4374B3B	f	12
131	6	\N	TKT-7693763A	f	12
132	6	\N	TKT-FFAD7330	f	12
133	6	\N	TKT-53761FEF	f	12
134	6	\N	TKT-AB2617BB	f	12
135	6	\N	TKT-29754C14	f	12
136	6	\N	TKT-AD6F9C61	f	12
137	6	\N	TKT-A719D923	f	12
138	6	\N	TKT-2A6DD4F1	f	12
139	6	\N	TKT-8110159C	f	12
140	6	\N	TKT-41F252FE	f	12
141	6	\N	TKT-3DE77B63	f	12
142	6	\N	TKT-06D933F1	f	12
143	6	\N	TKT-9AC14D9A	f	12
144	6	\N	TKT-88806B6A	f	12
145	6	\N	TKT-5E84C0A6	f	12
146	6	\N	TKT-EFE6DEA0	f	12
147	6	\N	TKT-B0EC543A	f	12
148	6	\N	TKT-EF8F78DA	f	12
149	6	\N	TKT-C4554ABA	f	23
150	6	\N	TKT-C4264337	f	23
151	6	\N	TKT-E695F130	f	23
152	6	\N	TKT-4C652435	f	23
153	6	\N	TKT-74673497	f	23
154	6	\N	TKT-D2359490	f	23
155	6	\N	TKT-AB656FF9	f	23
156	6	\N	TKT-3510C4D7	f	23
157	6	\N	TKT-058D7C04	f	23
158	6	\N	TKT-64A2249B	f	23
159	6	\N	TKT-059B23B0	f	23
160	6	\N	TKT-6A5878F8	f	23
161	6	\N	TKT-3C484664	f	23
162	6	\N	TKT-8864778F	f	23
163	6	\N	TKT-7344B12C	f	23
164	6	\N	TKT-CF9A3907	f	23
165	6	\N	TKT-80234691	f	23
166	6	\N	TKT-CF70524F	f	23
167	6	\N	TKT-7A4AC8CE	f	18
168	6	\N	TKT-9541F5E1	f	19
169	6	\N	TKT-DD7A93DE	f	19
170	6	\N	TKT-BDADECA9	f	19
171	6	\N	TKT-87BFB0D2	f	19
172	6	\N	TKT-56804550	f	19
173	6	\N	TKT-D40F4518	f	19
174	6	\N	TKT-059AF169	f	19
175	6	\N	TKT-96D36572	f	19
176	6	\N	TKT-617AA911	f	18
177	6	\N	TKT-AAB64BF5	f	19
178	6	\N	TKT-BA5EB330	f	19
179	6	\N	TKT-2A0E7EE8	f	19
180	6	\N	TKT-B86742E7	f	19
181	6	\N	TKT-E0437FEC	f	19
182	6	\N	TKT-78D9B658	f	19
183	6	\N	TKT-486DBFC6	f	19
184	6	\N	TKT-DF4D7C5E	f	19
185	6	\N	TKT-EF1834F6	f	18
186	6	\N	TKT-634529C5	f	19
187	6	\N	TKT-94F934F7	f	19
188	6	\N	TKT-34EF5A34	f	19
189	6	\N	TKT-3A9E2AC6	f	19
190	6	\N	TKT-44445F7B	f	19
191	6	\N	TKT-30575BF5	f	19
192	6	\N	TKT-44F62A05	f	19
193	6	\N	TKT-8108264C	f	19
194	6	\N	TKT-9DD44F77	f	18
195	6	\N	TKT-AFFDDF0B	f	19
196	6	\N	TKT-B98C8603	f	19
197	6	\N	TKT-845B29FB	f	19
198	6	\N	TKT-ED607947	f	19
199	6	\N	TKT-4EDDE9D7	f	19
200	6	\N	TKT-3165F383	f	19
201	6	\N	TKT-F7403273	f	19
202	6	\N	TKT-C708F7A5	f	19
203	6	\N	TKT-FAB3719F	f	18
204	6	\N	TKT-30D40D64	f	19
205	6	\N	TKT-FA4A6DCA	f	19
206	6	\N	TKT-D3136C03	f	19
207	6	\N	TKT-A80A1B6E	f	19
208	6	\N	TKT-211626C9	f	19
209	6	\N	TKT-F7985099	f	19
210	6	\N	TKT-4CC43AD3	f	19
211	6	\N	TKT-0DE3F173	f	19
212	6	\N	TKT-DFBF8D29	f	18
213	6	\N	TKT-57700943	f	19
214	6	\N	TKT-7D09AB50	f	19
215	6	\N	TKT-8737E58B	f	19
216	6	\N	TKT-FB2DCF5F	f	19
217	6	\N	TKT-C8FA31DE	f	19
218	6	\N	TKT-C9FAC8D4	f	19
219	6	\N	TKT-617785F0	f	19
220	6	\N	TKT-306EE19C	f	19
221	6	\N	TKT-E3874875	f	18
222	6	\N	TKT-AB5881E2	f	19
223	6	\N	TKT-280BEE2A	f	19
224	6	\N	TKT-B68D52AB	f	19
225	6	\N	TKT-F19AEDC7	f	19
226	6	\N	TKT-39386BB1	f	19
227	6	\N	TKT-7398A522	f	19
228	6	\N	TKT-CA5E3ADD	f	19
229	6	\N	TKT-9B9B5719	f	19
230	6	\N	TKT-1F545DEB	f	18
231	6	\N	TKT-3870A78E	f	19
232	6	\N	TKT-4C1E7A68	f	19
233	6	\N	TKT-8CF93D95	f	19
234	6	\N	TKT-639D61BD	f	19
235	6	\N	TKT-B66130B1	f	19
236	6	\N	TKT-8383A276	f	19
237	6	\N	TKT-C47D4D8C	f	19
238	6	\N	TKT-AD03B671	f	19
239	6	\N	TKT-55E2C4DD	f	18
240	6	\N	TKT-4DCFB3F2	f	19
241	6	\N	TKT-9B8D1796	f	19
242	6	\N	TKT-E668B582	f	19
243	6	\N	TKT-41F87BC1	f	19
244	6	\N	TKT-8DAFDC48	f	19
245	6	\N	TKT-C947134B	f	19
246	6	\N	TKT-C2F07A77	f	19
247	6	\N	TKT-DF98C766	f	19
248	6	\N	TKT-12E130BC	f	19
249	6	\N	TKT-0DB76AD6	f	19
250	6	\N	TKT-8C873902	f	19
251	6	\N	TKT-1BE791BC	f	19
252	6	\N	TKT-61B10144	f	19
253	6	\N	TKT-62CABAB3	f	19
254	6	\N	TKT-C4444EE5	f	19
255	6	\N	TKT-0FC188F0	f	19
256	6	\N	TKT-B0FFFACF	f	19
257	6	\N	TKT-A22CDC35	f	19
258	6	\N	TKT-F30448FF	f	19
259	6	\N	TKT-522E140F	f	19
260	6	\N	TKT-7936EC2E	f	19
261	6	\N	TKT-795155DA	f	19
262	6	\N	TKT-DDF2CD28	f	19
263	6	\N	TKT-AE4B95E6	f	19
264	6	\N	TKT-E015DF79	f	19
265	6	\N	TKT-85131D3A	f	19
266	6	\N	TKT-41E4B2BC	f	19
267	6	\N	TKT-281DE794	f	19
268	6	\N	TKT-652E319C	f	19
269	6	\N	TKT-B3D05550	f	19
270	6	\N	TKT-D8BAE077	f	19
271	6	\N	TKT-AE556D8A	f	19
272	6	\N	TKT-993906F2	f	19
273	6	\N	TKT-50F37CCF	f	19
274	6	\N	TKT-8B573696	f	19
275	6	\N	TKT-ADAE24C9	f	19
276	6	\N	TKT-38D6C193	f	19
277	6	\N	TKT-6AC2F006	f	19
313	6	\N	TKT-B3880C3A	f	45
314	6	\N	TKT-80F0AFC3	f	45
315	6	\N	TKT-B5A3F3BA	f	45
316	6	\N	TKT-EF0FCB46	f	46
317	6	\N	TKT-C1973DEE	f	46
318	6	\N	TKT-D9AD3944	f	46
319	6	\N	TKT-FD8D0881	f	46
327	6	\N	TKT-F28ECC19	f	45
328	6	\N	TKT-6A7B76FA	f	45
329	6	\N	TKT-4F271432	f	45
330	6	\N	TKT-6502CB28	f	46
331	6	\N	TKT-AF0E459A	f	46
332	6	\N	TKT-1535E57E	f	46
333	6	\N	TKT-E29F15C2	f	46
278	6	\N	TKT-74E1BC7F	f	19
279	6	\N	TKT-5AC357B2	f	19
280	6	\N	TKT-0547938C	f	19
281	6	\N	TKT-EDBC15D8	f	19
282	6	\N	TKT-8F070A6E	f	19
283	6	\N	TKT-21571981	f	19
290	6	\N	TKT-33AE9761	f	19
291	6	\N	TKT-B5467719	f	19
292	6	\N	TKT-A852ED81	f	19
293	6	\N	TKT-80E14962	f	19
294	6	\N	TKT-06C91091	f	19
295	6	\N	TKT-9E7288B5	f	19
320	6	\N	TKT-998FE96E	f	45
321	6	\N	TKT-4031B961	f	45
322	6	\N	TKT-97CF4622	f	45
323	6	\N	TKT-ECCCAFA7	f	46
324	6	\N	TKT-2923ACFE	f	46
325	6	\N	TKT-9507A60E	f	46
326	6	\N	TKT-E66EBC37	f	46
284	6	\N	TKT-DE019F3F	f	19
285	6	\N	TKT-9C84E37A	f	19
286	6	\N	TKT-BD0034AE	f	19
287	6	\N	TKT-02878C87	f	19
288	6	\N	TKT-1FD73C3C	f	19
289	6	\N	TKT-7F035BAF	f	19
296	6	\N	TKT-0C798859	f	38
297	6	\N	TKT-8D241B1A	f	38
298	6	\N	TKT-7ACA72FD	f	38
299	6	\N	TKT-6D33023B	f	38
300	6	\N	TKT-E33B02CA	f	38
301	6	\N	TKT-6F95BAD0	f	30
302	6	\N	TKT-14B686E0	f	30
303	6	\N	TKT-6B8BF787	f	30
304	6	\N	TKT-F6FE9395	f	30
305	6	\N	TKT-DE30CAA0	f	30
306	6	\N	TKT-40A2B355	f	30
307	6	\N	TKT-EC2F665B	f	30
308	6	\N	TKT-DB6DAC22	f	31
309	6	\N	TKT-0BCD7EFE	f	31
310	6	\N	TKT-A3556AAE	f	31
311	6	\N	TKT-71D8D5E9	f	31
312	6	\N	TKT-15258903	f	31
334	6	\N	TKT-635664BC	f	45
335	6	\N	TKT-A8BEE7CD	f	45
336	6	\N	TKT-D6945C3B	f	45
337	6	\N	TKT-7D5F8128	f	46
338	6	\N	TKT-9BC4ED06	f	46
339	6	\N	TKT-00ADA948	f	46
340	6	\N	TKT-FA593B73	f	46
341	6	\N	TKT-84F6ACB2	f	45
342	6	\N	TKT-187DA6E5	f	45
343	6	\N	TKT-ABA0AB4B	f	45
344	6	\N	TKT-4716D663	f	46
345	6	\N	TKT-0B7D6DBB	f	46
346	6	\N	TKT-643E4F5E	f	46
347	6	\N	TKT-A05C1BE0	f	46
348	6	\N	TKT-FAB956A9	f	45
349	6	\N	TKT-904A9641	f	45
350	6	\N	TKT-1EE2DD35	f	45
351	6	\N	TKT-DA60F60B	f	46
352	6	\N	TKT-D83F9C83	f	46
353	6	\N	TKT-3D1D3F34	f	46
354	6	\N	TKT-1D102C4D	f	46
355	6	\N	TKT-8172960A	f	45
356	6	\N	TKT-F5941584	f	45
357	6	\N	TKT-CE27708E	f	45
358	6	\N	TKT-C6C973CB	f	46
359	6	\N	TKT-4B9885A4	f	46
360	6	\N	TKT-66249099	f	46
361	6	\N	TKT-AD3C241D	f	45
362	6	\N	TKT-58897BAD	f	45
363	6	\N	TKT-73005693	f	45
364	6	\N	TKT-2C456913	f	46
365	6	\N	TKT-B0259D9A	f	46
366	6	\N	TKT-FB4E0532	f	46
367	6	\N	TKT-512FB54E	f	45
368	6	\N	TKT-86AE16FF	f	45
369	6	\N	TKT-94DFA618	f	45
370	6	\N	TKT-E1A60A13	f	46
371	6	\N	TKT-ABE74DC4	f	46
372	6	\N	TKT-D799D9C7	f	46
373	6	\N	TKT-E85D3077	f	45
374	6	\N	TKT-7E7B1A18	f	45
375	6	\N	TKT-6B911F69	f	45
376	6	\N	TKT-CC3D6A43	f	46
377	6	\N	TKT-99C25870	f	46
378	6	\N	TKT-5CD2DD5C	f	46
379	6	\N	TKT-A386CB51	f	45
380	6	\N	TKT-D582E848	f	45
381	6	\N	TKT-24B97526	f	45
382	6	\N	TKT-45746C23	f	46
383	6	\N	TKT-146F18C3	f	46
384	6	\N	TKT-F3BBD618	f	46
385	6	\N	TKT-93593810	f	45
386	6	\N	TKT-0F5EA5CD	f	45
387	6	\N	TKT-5AAD1923	f	45
388	6	\N	TKT-D67D4277	f	46
389	6	\N	TKT-4D9454A6	f	46
390	6	\N	TKT-F740F4C8	f	46
391	6	\N	TKT-79CC5432	f	45
392	6	\N	TKT-24BBB5C7	f	45
393	6	\N	TKT-0247C550	f	45
394	6	\N	TKT-A1D11584	f	46
395	6	\N	TKT-17376D84	f	46
396	6	\N	TKT-44B01C87	f	46
397	6	\N	TKT-7D672FD3	f	45
398	6	\N	TKT-9E094671	f	45
399	6	\N	TKT-3AC3C820	f	45
400	6	\N	TKT-9A5B2F65	f	46
401	6	\N	TKT-1E54B90C	f	46
402	6	\N	TKT-D6EA7B2E	f	46
403	6	\N	TKT-2600E8D4	f	45
404	6	\N	TKT-4A909AB7	f	45
405	6	\N	TKT-4E219B9D	f	45
406	6	\N	TKT-01C5649A	f	46
407	6	\N	TKT-31EFFFBA	f	46
408	6	\N	TKT-D5FB15AB	f	46
409	6	\N	TKT-0F23D418	f	45
410	6	\N	TKT-96BF6989	f	45
411	6	\N	TKT-C7699E76	f	45
412	6	\N	TKT-E9D1438F	f	46
413	6	\N	TKT-5FEF25B8	f	46
414	6	\N	TKT-A4A770FC	f	46
415	6	\N	TKT-909B508D	f	45
416	6	\N	TKT-17D57C3D	f	45
417	6	\N	TKT-3A9D6B65	f	45
418	6	\N	TKT-971CF971	f	46
419	6	\N	TKT-6964D82D	f	46
420	6	\N	TKT-506320E7	f	46
421	6	\N	TKT-684765DC	f	45
422	6	\N	TKT-69B36312	f	45
423	6	\N	TKT-6E78E5EC	f	45
424	6	\N	TKT-F111B303	f	46
425	6	\N	TKT-6427199F	f	46
426	6	\N	TKT-BAF6065C	f	46
427	6	\N	TKT-94929576	f	45
428	6	\N	TKT-E234774E	f	45
429	6	\N	TKT-4FBAEBAB	f	46
430	6	\N	TKT-7499BB28	f	46
431	6	\N	TKT-55BAA248	f	46
432	6	\N	TKT-04A2F785	f	45
433	6	\N	TKT-F905B7F5	f	45
434	6	\N	TKT-2078420C	f	46
435	6	\N	TKT-38B69362	f	46
436	6	\N	TKT-59CB9491	f	46
437	6	\N	TKT-0A06DDD4	f	45
438	6	\N	TKT-FAF29140	f	45
439	6	\N	TKT-31C155A5	f	46
440	6	\N	TKT-F490EDCF	f	46
441	6	\N	TKT-9023261B	f	46
442	6	\N	TKT-892DA62B	f	45
443	6	\N	TKT-3F3F4C7A	f	45
444	6	\N	TKT-F3B30CE9	f	46
445	6	\N	TKT-DBF40BE4	f	46
446	6	\N	TKT-B049C8B6	f	46
447	6	\N	TKT-3326124F	f	45
448	6	\N	TKT-6AA3156F	f	45
449	6	\N	TKT-227E2892	f	46
450	6	\N	TKT-E498EB5D	f	46
451	6	\N	TKT-7921BFA2	f	46
457	6	\N	TKT-FAF07304	f	45
458	6	\N	TKT-0DE5C1BD	f	45
459	6	\N	TKT-639D92B0	f	46
460	6	\N	TKT-135C0B69	f	46
461	6	\N	TKT-57345393	f	46
462	6	\N	TKT-D81157DD	f	45
463	6	\N	TKT-65E5F0DB	f	45
464	6	\N	TKT-8CF3AB8D	f	46
465	6	\N	TKT-7B3359A0	f	46
466	6	\N	TKT-22F3DB07	f	46
477	6	\N	TKT-7A61A42A	f	45
478	6	\N	TKT-B38A7AC6	f	45
479	6	\N	TKT-89E7516B	f	46
480	6	\N	TKT-8F11EBD6	f	46
481	6	\N	TKT-30FD37A5	f	46
492	6	\N	TKT-176E49DB	f	45
493	6	\N	TKT-A81653B8	f	45
494	6	\N	TKT-6A29910C	f	46
495	6	\N	TKT-AAA012D9	f	46
496	6	\N	TKT-CA6F6E9C	f	46
507	6	\N	TKT-3C013142	f	45
508	6	\N	TKT-B64A5490	f	45
509	6	\N	TKT-2D309035	f	46
510	6	\N	TKT-6AD36683	f	46
511	6	\N	TKT-78561ECD	f	46
517	6	\N	TKT-ECCB2C00	f	45
518	6	\N	TKT-35B31940	f	45
519	6	\N	TKT-D85DE0E1	f	46
520	6	\N	TKT-4421CDDF	f	46
521	6	\N	TKT-57CC2E0B	f	46
452	6	\N	TKT-940072F8	f	45
453	6	\N	TKT-FF948596	f	45
454	6	\N	TKT-97FC8EFB	f	46
455	6	\N	TKT-7215AA26	f	46
456	6	\N	TKT-870829D2	f	46
467	6	\N	TKT-606E1544	f	45
468	6	\N	TKT-B4F5C94B	f	45
469	6	\N	TKT-9766873A	f	46
470	6	\N	TKT-2B9D62DD	f	46
471	6	\N	TKT-F8697996	f	46
472	6	\N	TKT-3A5B549A	f	45
473	6	\N	TKT-6530E412	f	45
474	6	\N	TKT-D01918DA	f	46
475	6	\N	TKT-73E52008	f	46
476	6	\N	TKT-0421CA8C	f	46
482	6	\N	TKT-69171B9A	f	45
483	6	\N	TKT-AA8AB14E	f	45
484	6	\N	TKT-3CCE6DE6	f	46
485	6	\N	TKT-0547A8C3	f	46
486	6	\N	TKT-6762824B	f	46
487	6	\N	TKT-B0F7E1EB	f	45
488	6	\N	TKT-696C4924	f	45
489	6	\N	TKT-E58B2985	f	46
490	6	\N	TKT-E2B8578B	f	46
491	6	\N	TKT-FFB0BBB3	f	46
497	6	\N	TKT-8AD796B7	f	45
498	6	\N	TKT-85CBFC7E	f	45
499	6	\N	TKT-167391C3	f	46
500	6	\N	TKT-8EE2243D	f	46
501	6	\N	TKT-ABE23EEB	f	46
502	6	\N	TKT-97056B8C	f	45
503	6	\N	TKT-AE12A37E	f	45
504	6	\N	TKT-BE4F8426	f	46
505	6	\N	TKT-8303AB6D	f	46
506	6	\N	TKT-C954FD6E	f	46
512	6	\N	TKT-40B62ECA	f	45
513	6	\N	TKT-5948D458	f	45
514	6	\N	TKT-2499713A	f	46
515	6	\N	TKT-5EEDF212	f	46
516	6	\N	TKT-F5CC5A4F	f	46
522	6	\N	TKT-B8C0D4B6	f	45
523	6	\N	TKT-EDDEEBD3	f	45
524	6	\N	TKT-A1D73158	f	46
525	6	\N	TKT-E1FEE409	f	46
526	6	\N	TKT-F160310F	f	46
527	6	\N	TKT-DB97228C	f	45
528	6	\N	TKT-3950298E	f	45
529	6	\N	TKT-455B6ED2	f	46
530	6	\N	TKT-01FEBF52	f	46
531	6	\N	TKT-D2F8A3B8	f	46
532	6	\N	TKT-D116822D	f	45
533	6	\N	TKT-7313036F	f	45
534	6	\N	TKT-994AA03E	f	46
535	6	\N	TKT-32DC391E	f	46
536	6	\N	TKT-C2812CBA	f	46
537	6	\N	TKT-FBD6D606	f	45
538	6	\N	TKT-7FB83E0D	f	45
539	6	\N	TKT-5CDE2B0A	f	46
540	6	\N	TKT-B420F2B6	f	46
541	6	\N	TKT-393BDEE4	f	46
542	6	\N	TKT-0FA2F005	f	45
543	6	\N	TKT-C09564A4	f	45
544	6	\N	TKT-F177231E	f	46
545	6	\N	TKT-0B0D8547	f	46
546	6	\N	TKT-8773A25E	f	46
547	6	\N	TKT-B14552B1	f	45
548	6	\N	TKT-585D407D	f	45
549	6	\N	TKT-F432EDE3	f	46
550	6	\N	TKT-204848B2	f	46
551	6	\N	TKT-DB2E1477	f	46
552	6	\N	TKT-653C3DFB	f	45
553	6	\N	TKT-E03858D3	f	45
554	6	\N	TKT-0FCEC887	f	46
555	6	\N	TKT-451BD7DE	f	46
556	6	\N	TKT-C6334EAE	f	46
557	6	\N	TKT-DF5B7A0C	f	45
558	6	\N	TKT-05C4AD69	f	45
559	6	\N	TKT-A9CE98F3	f	46
560	6	\N	TKT-F1AAF865	f	46
561	6	\N	TKT-D702FEE7	f	46
562	6	\N	TKT-6908502B	f	45
563	6	\N	TKT-71F56B33	f	45
564	6	\N	TKT-9B8E510E	f	46
565	6	\N	TKT-1CDCAD02	f	46
566	6	\N	TKT-AD77A427	f	46
567	6	\N	TKT-C84ACB3C	f	45
568	6	\N	TKT-BF43002C	f	45
569	6	\N	TKT-2F6C69FB	f	46
570	6	\N	TKT-8174DFC3	f	46
571	6	\N	TKT-CDB8407E	f	46
572	6	\N	TKT-82497F80	f	45
573	6	\N	TKT-8DC0D65D	f	45
574	6	\N	TKT-12DDB7E4	f	46
575	6	\N	TKT-B11924F1	f	46
576	6	\N	TKT-3F0FC0AC	f	46
577	6	\N	TKT-FD59EE55	f	45
578	6	\N	TKT-3177A8AE	f	45
579	6	\N	TKT-56248631	f	46
580	6	\N	TKT-D4EB2A77	f	46
581	6	\N	TKT-0D67299D	f	46
582	6	\N	TKT-2C66944F	f	45
583	6	\N	TKT-0EE7DC41	f	45
584	6	\N	TKT-CC050A4F	f	46
585	6	\N	TKT-0FD7C40D	f	46
586	6	\N	TKT-6C6B0FE3	f	46
587	6	\N	TKT-80E189EC	f	45
588	6	\N	TKT-5FB17697	f	45
589	6	\N	TKT-17B394B2	f	46
590	6	\N	TKT-D4B6CB97	f	46
591	6	\N	TKT-EB1121C9	f	46
592	6	\N	TKT-5B151E27	f	45
593	6	\N	TKT-B781DB73	f	45
594	6	\N	TKT-FB5FF9ED	f	46
595	6	\N	TKT-31BE1236	f	46
596	6	\N	TKT-98D6E32A	f	46
597	6	\N	TKT-1B82EB99	f	45
598	6	\N	TKT-4F49B59F	f	45
599	6	\N	TKT-D9CBB0D0	f	46
600	6	\N	TKT-0CFBCD0E	f	46
601	6	\N	TKT-0FE43698	f	46
602	6	\N	TKT-6923816E	f	7
603	6	\N	TKT-5914AA65	f	7
604	6	\N	TKT-BAB9D72C	f	7
605	6	\N	TKT-FB380850	f	7
606	6	\N	TKT-B65AD332	f	8
607	6	\N	TKT-A52B9A95	f	8
608	6	\N	TKT-75BA9DF5	f	8
609	6	\N	TKT-13C1F0E4	f	8
610	6	\N	TKT-5E89B08B	f	8
611	6	\N	TKT-4E11F7AC	f	49
612	6	\N	TKT-4FB4C4CB	f	49
613	6	\N	TKT-ACF68AFA	f	49
614	6	\N	TKT-78FDC1B6	f	49
615	6	\N	TKT-0ADF8B9C	f	49
616	6	\N	TKT-DA064427	f	49
617	6	\N	TKT-44295254	f	50
618	6	\N	TKT-459243AE	f	50
619	6	\N	TKT-B23B36AE	f	50
620	6	\N	TKT-83DB7229	f	50
621	6	\N	TKT-EDC808A6	f	50
622	6	\N	TKT-AD560431	f	49
623	6	\N	TKT-B1F2BB68	f	49
624	6	\N	TKT-63D4B665	f	49
625	6	\N	TKT-0DB4AB51	f	49
626	6	\N	TKT-1F9526AA	f	49
627	6	\N	TKT-16459285	f	49
628	6	\N	TKT-F41ABF4E	f	50
629	6	\N	TKT-EF8F4654	f	50
630	6	\N	TKT-F20C5C84	f	50
631	6	\N	TKT-9318F1DE	f	50
632	6	\N	TKT-8E037218	f	50
633	6	\N	TKT-19E8BA2D	f	49
634	6	\N	TKT-8E716754	f	49
635	6	\N	TKT-26225A43	f	49
636	6	\N	TKT-4F6A5FC3	f	49
637	6	\N	TKT-F2B557C6	f	49
638	6	\N	TKT-0E0F089B	f	49
639	6	\N	TKT-EC17787D	f	50
640	6	\N	TKT-AA7FA7BC	f	50
641	6	\N	TKT-1B35A1FA	f	50
642	6	\N	TKT-66169AB5	f	50
643	6	\N	TKT-B7D25467	f	50
644	6	\N	TKT-0D97D70A	f	49
645	6	\N	TKT-D6D266D8	f	49
646	6	\N	TKT-DC08E939	f	49
647	6	\N	TKT-BDDEDE1E	f	49
648	6	\N	TKT-3927C193	f	49
649	6	\N	TKT-4C380AB2	f	49
650	6	\N	TKT-724F80DD	f	50
651	6	\N	TKT-A5960EE1	f	50
652	6	\N	TKT-9109B8A8	f	50
653	6	\N	TKT-87C99DEB	f	50
654	6	\N	TKT-4432647D	f	50
655	6	\N	TKT-C2F4127E	f	49
656	6	\N	TKT-7B0C48A1	f	49
657	6	\N	TKT-2231C3EA	f	49
658	6	\N	TKT-709F63A5	f	49
659	6	\N	TKT-605ADFE8	f	49
660	6	\N	TKT-EA66CC33	f	49
661	6	\N	TKT-53E0BC66	f	50
662	6	\N	TKT-2CA71219	f	50
663	6	\N	TKT-6A04851D	f	50
664	6	\N	TKT-3CBEB8B7	f	50
665	6	\N	TKT-9E2829C7	f	50
666	6	\N	TKT-859E99BC	f	49
667	6	\N	TKT-FB296DDC	f	49
668	6	\N	TKT-BEE13817	f	49
669	6	\N	TKT-052128F4	f	49
670	6	\N	TKT-EF2A14EB	f	49
671	6	\N	TKT-5F7B6372	f	49
672	6	\N	TKT-CAEC975C	f	50
673	6	\N	TKT-0BA8818B	f	50
674	6	\N	TKT-4CA98169	f	50
675	6	\N	TKT-B2381FF7	f	50
676	6	\N	TKT-E2A87BD6	f	50
677	6	\N	TKT-E4AF1D9C	f	49
678	6	\N	TKT-05879051	f	49
679	6	\N	TKT-25544E67	f	49
680	6	\N	TKT-F633AFE1	f	49
681	6	\N	TKT-77CD771C	f	49
682	6	\N	TKT-D17A9427	f	49
683	6	\N	TKT-D8BD3FDA	f	50
684	6	\N	TKT-1A969677	f	50
685	6	\N	TKT-C6E8CDAA	f	50
686	6	\N	TKT-EE951A74	f	50
687	6	\N	TKT-53ED1E22	f	50
732	6	\N	TKT-25BF60B1	f	49
733	6	\N	TKT-5EBED2CA	f	49
734	6	\N	TKT-38140793	f	49
735	6	\N	TKT-977DA8A4	f	49
736	6	\N	TKT-1841D5E3	f	49
737	6	\N	TKT-D60E1B82	f	49
738	6	\N	TKT-8D5A11F2	f	50
739	6	\N	TKT-69C73894	f	50
740	6	\N	TKT-FFADB159	f	50
741	6	\N	TKT-74C2B7A5	f	50
742	6	\N	TKT-EB4763A0	f	50
688	6	\N	TKT-AD3A6AB4	f	49
689	6	\N	TKT-32736480	f	49
690	6	\N	TKT-887CD4E2	f	49
691	6	\N	TKT-2125EC3F	f	49
692	6	\N	TKT-8DF69B5D	f	49
693	6	\N	TKT-9E7FBD63	f	49
694	6	\N	TKT-53051A15	f	50
695	6	\N	TKT-77811846	f	50
696	6	\N	TKT-3AE640A3	f	50
697	6	\N	TKT-3A42AD93	f	50
698	6	\N	TKT-45D2A5F7	f	50
699	6	\N	TKT-938BEE6F	f	49
700	6	\N	TKT-5520BCA7	f	49
701	6	\N	TKT-763B1D1B	f	49
702	6	\N	TKT-337C08CA	f	49
703	6	\N	TKT-2CBDAEA1	f	49
704	6	\N	TKT-CC4241B0	f	49
705	6	\N	TKT-F7DD2F18	f	50
706	6	\N	TKT-0EE4F20F	f	50
707	6	\N	TKT-06F080EC	f	50
708	6	\N	TKT-EA034F26	f	50
709	6	\N	TKT-BB247CE4	f	50
710	6	\N	TKT-75330B5E	f	49
711	6	\N	TKT-9D934C30	f	49
712	6	\N	TKT-DE8E368B	f	49
713	6	\N	TKT-E6FED885	f	49
714	6	\N	TKT-4660B7F3	f	49
715	6	\N	TKT-6CF0BFC1	f	49
716	6	\N	TKT-84B638A3	f	50
717	6	\N	TKT-FFF918F7	f	50
718	6	\N	TKT-F0CA9AEF	f	50
719	6	\N	TKT-E4360565	f	50
720	6	\N	TKT-669937C3	f	50
721	6	\N	TKT-19E272B4	f	49
722	6	\N	TKT-1D04BC96	f	49
723	6	\N	TKT-911F7F4C	f	49
724	6	\N	TKT-AB2E8D42	f	49
725	6	\N	TKT-15970EB3	f	49
726	6	\N	TKT-82CE7ADD	f	49
727	6	\N	TKT-5200CFC9	f	50
728	6	\N	TKT-BFE1EDF1	f	50
729	6	\N	TKT-D566C828	f	50
730	6	\N	TKT-5645D6F4	f	50
731	6	\N	TKT-EA800826	f	50
\.


--
-- Data for Name: users; Type: TABLE DATA; Schema: public; Owner: -
--

COPY public.users (id, name, email, password, phone_number, role) FROM stdin;
4	The Rock	rock@rock.rock	$2a$10$vm6jlpUI9qAYw2V8iF1noeYxKGo.D6spNvADN34UkrfNX/Z6ZwR8m	1234567890	USER
5	admin	admin@admin.admin	$2a$10$I10Cpr1w65opZ.3TtIBjTeu0oSN2PXaNIB.F2DOQ/CF3UCrggCrYO	1234567890	USER
7	SDFSDFSDFS	M2@MO.COM	$2a$10$C8rayqpB9FFVOoOrVJ4wSOD22AOgpiLJsBZVK572JMaJqWxTkBkFa	DSFFSDFSDFDFSF	USER
8	adsad	sdjlkfdsj@sldkjf.comq	$2a$10$0gjO7x7kn96K9zAEreNVmuzWWdkAqw1t1xGz8UGmxornvPEWEuc5u	dfghjkm,,.n	USER
9	dfghjk	asdfghjk@asdas.copm	$2a$10$SX.uuKm1ezTRVC5ea75uTuHSHBSyyPVXWc6os5PGVXJKOwq0s4PTa	asdfghjk	USER
6	mo	mo@mo.mo	$2a$10$Wf4yP2tHJPg3ZXxC46H3TOeDFXfBGWPkcAjQGs7E87rSZD8cuM1G2	1234567890	ADMIN
10	ss	ssss@hgghghh	$2a$10$WdujQ.eUOVewLjKvg5G3BuRuPvuj2l.4uvA42qy1TiUfJi9rWH00y	9665555565656	USER
12	Someone new	new@new.new	$2a$10$bW0jxoNiH9RCDmena8Bnj.XgAk9T65amslThnt9m17eswN62upQmG	1234567890	USER
\.


--
-- Name: bookmarks_id_seq; Type: SEQUENCE SET; Schema: public; Owner: -
--

SELECT pg_catalog.setval('public.bookmarks_id_seq', 3, true);


--
-- Name: categories_id_seq; Type: SEQUENCE SET; Schema: public; Owner: -
--

SELECT pg_catalog.setval('public.categories_id_seq', 17, true);


--
-- Name: events_id_seq; Type: SEQUENCE SET; Schema: public; Owner: -
--

SELECT pg_catalog.setval('public.events_id_seq', 22, true);


--
-- Name: location_seat_templates_id_seq; Type: SEQUENCE SET; Schema: public; Owner: -
--

SELECT pg_catalog.setval('public.location_seat_templates_id_seq', 1, false);


--
-- Name: locations_id_seq; Type: SEQUENCE SET; Schema: public; Owner: -
--

SELECT pg_catalog.setval('public.locations_id_seq', 11, true);


--
-- Name: seats_id_seq; Type: SEQUENCE SET; Schema: public; Owner: -
--

SELECT pg_catalog.setval('public.seats_id_seq', 1, false);


--
-- Name: slot_ticket_type_capacities_id_seq; Type: SEQUENCE SET; Schema: public; Owner: -
--

SELECT pg_catalog.setval('public.slot_ticket_type_capacities_id_seq', 68, true);


--
-- Name: slots_id_seq; Type: SEQUENCE SET; Schema: public; Owner: -
--

SELECT pg_catalog.setval('public.slots_id_seq', 45, true);


--
-- Name: ticket_types_id_seq; Type: SEQUENCE SET; Schema: public; Owner: -
--

SELECT pg_catalog.setval('public.ticket_types_id_seq', 7, true);


--
-- Name: tickets_id_seq; Type: SEQUENCE SET; Schema: public; Owner: -
--

SELECT pg_catalog.setval('public.tickets_id_seq', 742, true);


--
-- Name: users_id_seq; Type: SEQUENCE SET; Schema: public; Owner: -
--

SELECT pg_catalog.setval('public.users_id_seq', 12, true);


--
-- Name: bookmarks bookmarks_pkey; Type: CONSTRAINT; Schema: public; Owner: -
--

ALTER TABLE ONLY public.bookmarks
    ADD CONSTRAINT bookmarks_pkey PRIMARY KEY (id);


--
-- Name: categories categories_pkey; Type: CONSTRAINT; Schema: public; Owner: -
--

ALTER TABLE ONLY public.categories
    ADD CONSTRAINT categories_pkey PRIMARY KEY (id);


--
-- Name: events events_pkey; Type: CONSTRAINT; Schema: public; Owner: -
--

ALTER TABLE ONLY public.events
    ADD CONSTRAINT events_pkey PRIMARY KEY (id);


--
-- Name: location_seat_templates location_seat_templates_pkey; Type: CONSTRAINT; Schema: public; Owner: -
--

ALTER TABLE ONLY public.location_seat_templates
    ADD CONSTRAINT location_seat_templates_pkey PRIMARY KEY (id);


--
-- Name: locations locations_pkey; Type: CONSTRAINT; Schema: public; Owner: -
--

ALTER TABLE ONLY public.locations
    ADD CONSTRAINT locations_pkey PRIMARY KEY (id);


--
-- Name: seats seats_pkey; Type: CONSTRAINT; Schema: public; Owner: -
--

ALTER TABLE ONLY public.seats
    ADD CONSTRAINT seats_pkey PRIMARY KEY (id);


--
-- Name: seats seats_slot_id_section_row_seat_number_key; Type: CONSTRAINT; Schema: public; Owner: -
--

ALTER TABLE ONLY public.seats
    ADD CONSTRAINT seats_slot_id_section_row_seat_number_key UNIQUE (slot_id, section, "row", seat_number);


--
-- Name: slot_ticket_type_capacities slot_ticket_type_capacities_pkey; Type: CONSTRAINT; Schema: public; Owner: -
--

ALTER TABLE ONLY public.slot_ticket_type_capacities
    ADD CONSTRAINT slot_ticket_type_capacities_pkey PRIMARY KEY (id);


--
-- Name: slot_ticket_type_capacities slot_ticket_type_capacities_slot_id_ticket_type_id_key; Type: CONSTRAINT; Schema: public; Owner: -
--

ALTER TABLE ONLY public.slot_ticket_type_capacities
    ADD CONSTRAINT slot_ticket_type_capacities_slot_id_ticket_type_id_key UNIQUE (slot_id, ticket_type_id);


--
-- Name: slots slots_pkey; Type: CONSTRAINT; Schema: public; Owner: -
--

ALTER TABLE ONLY public.slots
    ADD CONSTRAINT slots_pkey PRIMARY KEY (id);


--
-- Name: ticket_types ticket_types_pkey; Type: CONSTRAINT; Schema: public; Owner: -
--

ALTER TABLE ONLY public.ticket_types
    ADD CONSTRAINT ticket_types_pkey PRIMARY KEY (id);


--
-- Name: tickets tickets_pkey; Type: CONSTRAINT; Schema: public; Owner: -
--

ALTER TABLE ONLY public.tickets
    ADD CONSTRAINT tickets_pkey PRIMARY KEY (id);


--
-- Name: tickets tickets_seat_id_key; Type: CONSTRAINT; Schema: public; Owner: -
--

ALTER TABLE ONLY public.tickets
    ADD CONSTRAINT tickets_seat_id_key UNIQUE (seat_id);


--
-- Name: tickets tickets_ticket_code_key; Type: CONSTRAINT; Schema: public; Owner: -
--

ALTER TABLE ONLY public.tickets
    ADD CONSTRAINT tickets_ticket_code_key UNIQUE (ticket_code);


--
-- Name: users unique_email; Type: CONSTRAINT; Schema: public; Owner: -
--

ALTER TABLE ONLY public.users
    ADD CONSTRAINT unique_email UNIQUE (email);


--
-- Name: users users_email_key; Type: CONSTRAINT; Schema: public; Owner: -
--

ALTER TABLE ONLY public.users
    ADD CONSTRAINT users_email_key UNIQUE (email);


--
-- Name: users users_pkey; Type: CONSTRAINT; Schema: public; Owner: -
--

ALTER TABLE ONLY public.users
    ADD CONSTRAINT users_pkey PRIMARY KEY (id);


--
-- Name: idx_seats_slot_id; Type: INDEX; Schema: public; Owner: -
--

CREATE INDEX idx_seats_slot_id ON public.seats USING btree (slot_id);


--
-- Name: idx_slots_event_id; Type: INDEX; Schema: public; Owner: -
--

CREATE INDEX idx_slots_event_id ON public.slots USING btree (event_id);


--
-- Name: idx_tickets_user_id; Type: INDEX; Schema: public; Owner: -
--

CREATE INDEX idx_tickets_user_id ON public.tickets USING btree (user_id);


--
-- Name: events events_category_id_fkey; Type: FK CONSTRAINT; Schema: public; Owner: -
--

ALTER TABLE ONLY public.events
    ADD CONSTRAINT events_category_id_fkey FOREIGN KEY (category_id) REFERENCES public.categories(id) ON DELETE SET NULL;


--
-- Name: events events_location_id_fkey; Type: FK CONSTRAINT; Schema: public; Owner: -
--

ALTER TABLE ONLY public.events
    ADD CONSTRAINT events_location_id_fkey FOREIGN KEY (location_id) REFERENCES public.locations(id) ON DELETE SET NULL;


--
-- Name: bookmarks fk5180rcunaogkv8wgj4egf55xd; Type: FK CONSTRAINT; Schema: public; Owner: -
--

ALTER TABLE ONLY public.bookmarks
    ADD CONSTRAINT fk5180rcunaogkv8wgj4egf55xd FOREIGN KEY (event_id) REFERENCES public.events(id) ON DELETE CASCADE;


--
-- Name: bookmarks fkdbsho2e05w5r13fkjqfjmge5f; Type: FK CONSTRAINT; Schema: public; Owner: -
--

ALTER TABLE ONLY public.bookmarks
    ADD CONSTRAINT fkdbsho2e05w5r13fkjqfjmge5f FOREIGN KEY (user_id) REFERENCES public.users(id) ON DELETE CASCADE;


--
-- Name: tickets fkdmeulacdxmf9fe6y20s8q4c3x; Type: FK CONSTRAINT; Schema: public; Owner: -
--

ALTER TABLE ONLY public.tickets
    ADD CONSTRAINT fkdmeulacdxmf9fe6y20s8q4c3x FOREIGN KEY (slot_ticket_type_id) REFERENCES public.slot_ticket_type_capacities(id) ON DELETE CASCADE;


--
-- Name: location_seat_templates location_seat_templates_location_id_fkey; Type: FK CONSTRAINT; Schema: public; Owner: -
--

ALTER TABLE ONLY public.location_seat_templates
    ADD CONSTRAINT location_seat_templates_location_id_fkey FOREIGN KEY (location_id) REFERENCES public.locations(id) ON DELETE CASCADE;


--
-- Name: seats seats_slot_id_fkey; Type: FK CONSTRAINT; Schema: public; Owner: -
--

ALTER TABLE ONLY public.seats
    ADD CONSTRAINT seats_slot_id_fkey FOREIGN KEY (slot_id) REFERENCES public.slots(id) ON DELETE CASCADE;


--
-- Name: slot_ticket_type_capacities slot_ticket_type_capacities_slot_id_fkey; Type: FK CONSTRAINT; Schema: public; Owner: -
--

ALTER TABLE ONLY public.slot_ticket_type_capacities
    ADD CONSTRAINT slot_ticket_type_capacities_slot_id_fkey FOREIGN KEY (slot_id) REFERENCES public.slots(id) ON DELETE CASCADE;


--
-- Name: slot_ticket_type_capacities slot_ticket_type_capacities_ticket_type_id_fkey; Type: FK CONSTRAINT; Schema: public; Owner: -
--

ALTER TABLE ONLY public.slot_ticket_type_capacities
    ADD CONSTRAINT slot_ticket_type_capacities_ticket_type_id_fkey FOREIGN KEY (ticket_type_id) REFERENCES public.ticket_types(id) ON DELETE CASCADE;


--
-- Name: slots slots_event_id_fkey; Type: FK CONSTRAINT; Schema: public; Owner: -
--

ALTER TABLE ONLY public.slots
    ADD CONSTRAINT slots_event_id_fkey FOREIGN KEY (event_id) REFERENCES public.events(id) ON DELETE CASCADE;


--
-- Name: tickets tickets_seat_id_fkey; Type: FK CONSTRAINT; Schema: public; Owner: -
--

ALTER TABLE ONLY public.tickets
    ADD CONSTRAINT tickets_seat_id_fkey FOREIGN KEY (seat_id) REFERENCES public.seats(id) ON DELETE SET NULL;


--
-- Name: tickets tickets_user_id_fkey; Type: FK CONSTRAINT; Schema: public; Owner: -
--

ALTER TABLE ONLY public.tickets
    ADD CONSTRAINT tickets_user_id_fkey FOREIGN KEY (user_id) REFERENCES public.users(id) ON DELETE CASCADE;


--
-- PostgreSQL database dump complete
--

\unrestrict G2ZddXq7Qi2n1eq2SZMwixRee1fZhD4hvK3QITxZ6boxVep6vW2VuAgMroGGLb9

